postIdFinal,reason
9138221,length
8533066,length
59716357,tokens
16271329,length
31190525,length
36873914,tokens+length
28036249,tokens+length
56002596,tokens+length
10784936,length
44737079,length
15434539,tokens+length
15434539,tokens+length
62453092,length
62453092,length
42946783,length
30110171,length
13441662,length
27050311,length
21390583,length
21390583,tokens+length
19456603,length
43267581,length
41780245,length
12541417,length
28496178,length
13163393,length
13040476,tokens
13040476,length
31664874,tokens+length
51654860,length
41320465,tokens
36856464,length
49876096,length
49996008,length
58397194,length
65101623,tokens+length
23651641,tokens+length
54569108,length
61002395,length
4388055,length
38238279,length
26775569,tokens+length
25321456,length
2972673,tokens+length
42695148,length
13872961,length
44838542,length
13380390,length
60498186,tokens+length
31412765,length
17507391,length
27111128,length
35681814,length
50515171,tokens
57595738,length
42594121,length
27774717,tokens+length
55377557,length
38250733,length
9538056,length
9323218,length
8310049,length
35753723,length
37558410,tokens+length
50164077,length
45528439,length
42444018,tokens+length
26749090,tokens+length
21434646,length
42239464,length
42239464,length
40976709,tokens+length
40976709,length
60561428,tokens
40531576,length
42316421,length
60827166,length
57545334,length
59222607,length
31208040,length
39301495,length
52374068,tokens+length
46969542,length
48554343,length
48554343,length
27715090,length
12419405,length
53485395,length
53485395,tokens+length
37695289,length
16880462,length
16880462,length
33695064,length
5957619,length
42251470,length
30194562,length
44891643,tokens+length
64290148,length
22499243,length
20656803,length
47142459,length
17184970,length
47539399,length
43760407,tokens+length
7878822,length
12358877,length
38182962,length
31860196,length
31284336,length
31284336,tokens
13219627,length
21369731,length
59148994,length
19016302,length
23735011,length
62123265,tokens
23489694,length
18907945,length
18907945,length
45162140,length
47233291,length
63241032,length
3422383,length
40386680,tokens
4698291,length
60562533,tokens+length
58749654,length
45752537,tokens+length
34102374,length
45209647,length
53302058,length
21285555,tokens+length
55966426,length
50678064,length
13611552,length
44913080,length
39267932,length
14693052,length
41950511,tokens+length
39459545,tokens
40678585,tokens+length
11663345,length
37395379,length
60165977,length
19281762,length
44050801,length
5522733,tokens+length
38918307,tokens+length
31832716,length
31832716,length
31832716,length
56714483,tokens
52485750,length
19361057,length
42815101,tokens
48147846,length
958997,length
31301666,length
51159801,length
26198673,length
26089607,length
26089607,length
26089607,length
27052741,length
1441005,length
20308370,tokens
59487931,length
31532746,tokens+length
60730831,length
52574976,length
33983422,length
60132829,length
33609587,length
31023028,tokens
10199273,length
10843766,length
43560334,length
17540458,length
21312864,length
10066737,length
17975812,tokens
63692627,length
46937247,length
46937247,length
42687088,length
42687088,length
22468734,tokens+length
2878184,length
41639899,length
24078428,length
58795381,length
55671957,tokens
9508425,length
9508425,length
41412782,length
10325039,length
37639581,length
50642668,length
41231723,tokens
40773068,length
17561184,tokens+length
35460108,length
35460108,tokens+length
27944617,length
31779969,length
49032213,length
19790172,length
41445891,length
23338610,tokens+length
41085189,length
26080665,tokens+length
24821107,length
14064353,length
6186696,length
57259966,tokens+length
45094027,tokens+length
31950347,length
47155770,tokens+length
37246623,length
28955560,length
4197150,length
1157745,length
9042543,length
41766277,length
60245646,length
29961256,length
32650536,length
47990592,length
7807993,tokens
33762278,length
3211142,length
63125907,length
62895259,length
31128736,length
63109695,length
21422841,length
45460925,tokens+length
64677992,length
5101196,length
40426893,length
40426893,length
49397958,length
41232546,length
31382935,length
35565926,tokens+length
17999137,length
53909505,length
46147124,length
39401099,length
18742096,length
20091229,tokens+length
32256486,length
18389685,length
57047467,length
47205744,tokens+length
11315554,length
33580557,length
55873575,length
9863716,length
51087329,length
14490731,tokens+length
59709713,length
44440357,tokens+length
27780447,tokens
21359902,tokens
4363741,length
46725340,length
41339082,length
53945694,tokens+length
35965307,tokens
62578084,tokens+length
59340325,tokens+length
14327304,length
61768040,length
61768040,tokens
52751849,tokens+length
61008190,tokens+length
15701988,length
25933064,length
32737182,length
22757568,length
38560996,length
59918175,length
45794214,length
45794214,length
37383305,length
13906683,length
43905510,tokens+length
62680234,length
40863560,length
61639428,length
32782693,length
26275373,length
51155227,tokens+length
30271043,length
14477721,length
36755080,tokens
42238819,length
271330,length
34862013,length
21974713,length
43525814,length
55928109,length
55928109,length
61000556,length
51431277,length
6664843,length
35053021,tokens+length
35053021,length
27258767,length
23098617,length
1006590,tokens+length
37890925,length
31475362,length
3681787,length
31385584,length
61439834,length
4111349,length
14707762,length
44393393,length
27470758,length
31488693,length
56865351,length
45223546,length
16061597,length
45040639,length
48413011,length
45842920,length
23740306,tokens+length
21892205,length
54598180,length
25407718,length
6326419,length
6326419,tokens
52831070,tokens
49902576,length
41909981,length
6001639,length
1869884,length
42963643,length
40451567,length
38614066,length
37534863,tokens+length
25532175,length
25320091,length
46186080,length
46186080,length
19937781,tokens+length
32419487,length
18300749,tokens
6915312,length
6915312,length
6915312,tokens+length
39147736,length
62963743,tokens+length
10043097,length
61660783,length
31880005,length
43908770,length
60986765,length
40189508,tokens
44099764,tokens
38422039,length
59102077,tokens
47542372,length
51076636,length
16584982,length
38525361,tokens+length
48827815,tokens
12714405,tokens
34213425,length
35700535,tokens+length
4591677,tokens+length
37659833,length
30792383,length
56676677,length
59105766,length
46913844,tokens+length
14216961,length
40406996,length
18536322,length
18253314,length
41823328,length
45645772,length
45633706,tokens+length
34657870,length
44332100,length
48637271,length
47477459,length
34886496,length
62197289,length
34896178,tokens
38407760,tokens+length
20543088,length
43799707,length
40084116,length
33131019,length
40629788,tokens
55643932,length
16279521,length
40088048,length
59577515,tokens
58278051,length
39408536,tokens+length
49727696,tokens
61171094,length
27324285,length
49620686,length
49437802,tokens+length
23881520,length
11349200,length
58769341,length
59970557,length
62827808,length
45435457,length
45435457,length
37568138,length
58381350,length
14207033,length
33172497,tokens
33386844,tokens+length
57430544,tokens
31135764,length
10578891,length
22199554,length
32366260,tokens+length
39720481,length
63742790,length
63742790,tokens+length
35886006,tokens+length
35886006,length
35886006,length
32157299,length
32051936,tokens
18629291,length
55101737,length
44482117,length
47927446,length
47927446,length
699215,length
37785593,length
16371906,length
34849930,length
13184799,length
41891974,length
28014217,length
15771421,length
20288045,length
16284103,length
45346579,length
40851944,length
43392367,length
59997404,length
39635413,length
53021407,tokens
29957531,length
52907477,length
10610745,length
62801724,length
42497189,length
22875782,length
63925483,length
48173985,length
45009367,length
22503206,length
22373948,length
47701726,tokens
24489513,length
33986659,length
33986659,tokens+length
7411802,length
43480037,length
38808089,tokens
19705453,length
19348007,length
26740478,tokens+length
3782593,tokens+length
31877177,length
15024555,length
23286708,length
18425829,tokens+length
9526597,length
11574678,length
49795258,length
22993421,length
49629808,length
43055616,length
56816679,length
37830624,length
49688108,tokens+length
26567112,length
63328580,length
2851308,length
65064200,tokens+length
11004089,length
40386263,length
30605771,length
61965918,tokens+length
4895255,length
44991244,length
44776805,length
18231482,length
59263240,tokens+length
3720900,length
40519081,length
54148783,tokens+length
8437429,tokens+length
56282084,length
18560872,length
37879673,tokens
55718832,tokens
22602031,length
46840392,tokens+length
53848610,tokens
51774058,length
13122067,length
13422975,length
9081000,length
14421432,length
49216271,length
6147905,length
20406579,length
43556752,tokens+length
21570360,length
3019976,tokens+length
57881337,length
27414422,length
54310878,length
50245363,length
38320757,length
42598937,length
44390669,length
44972185,tokens+length
18701990,tokens+length
27103867,tokens+length
40769131,length
8810484,length
47435039,tokens
18689639,tokens+length
62240966,length
49418942,length
47036388,length
13667082,length
31458499,length
26890675,length
40305487,length
31595286,length
30737445,length
8204705,length
58155444,tokens+length
60018979,length
15657458,length
9796000,length
18893931,length
50475984,length
44142271,length
51262326,length
31004756,length
34673243,length
46575493,length
46575493,tokens+length
54582163,length
47499243,tokens
23922064,length
51073764,length
26674948,length
43564813,length
28216483,length
28216483,length
21461102,tokens
21454552,length
38008176,length
21462683,tokens
38885208,length
48864587,length
49572992,length
49572992,length
23778727,length
22955678,length
21375590,length
62959112,length
35760822,length
28359238,length
15358019,tokens+length
45341581,tokens
10196754,tokens+length
30209760,length
36791066,length
16621717,length
54529181,length
7944151,length
23652911,length
2011108,length
48782487,length
31559999,length
64114540,length
41171071,length
44271600,length
30210227,length
21372646,tokens
2952432,tokens+length
46284100,tokens+length
25379577,length
60975419,tokens
48067367,length
54740394,length
30331249,length
16577829,length
16577829,length
34422826,length
8990608,length
38803572,tokens+length
36163727,length
39391086,tokens+length
10830826,length
46987584,tokens
37965974,length
53556845,tokens+length
31919719,length
37767327,tokens+length
43332464,tokens+length
25396967,length
27860318,length
46900168,length
11926172,tokens+length
49199705,tokens
18833188,length
21080331,length
41713070,length
31970847,length
24062334,length
51528797,length
61531929,length
51685550,length
63014304,tokens+length
26730677,length
7037124,tokens+length
32153503,tokens
12874265,length
42904887,tokens+length
28840447,length
38721979,length
45016027,tokens
38847744,length
38847744,length
42859054,length
25184479,length
26217676,length
16307064,length
17373890,length
38589892,tokens+length
38589892,tokens+length
5218857,length
43361492,length
41952468,tokens
39123036,length
44525259,length
29596284,length
61561667,length
51975291,length
24327840,tokens+length
46243303,length
49985664,length
28629851,length
50278587,length
22779046,length
62593353,length
64011474,length
45177462,length
23828003,length
5761432,length
43861486,length
32961291,length
5322578,length
61342496,tokens
62064964,tokens+length
14242722,length
38568528,length
9142697,length
54276412,length
5215978,length
12032173,length
49642243,length
8471406,tokens+length
45405745,length
42771166,length
24457811,length
35393492,tokens+length
7238701,length
38167191,tokens+length
4487210,length
19334529,length
30096566,length
1617162,tokens+length
24581003,length
34423112,tokens
32156769,length
16742031,tokens+length
40752796,length
40752796,tokens
56972744,length
56766325,length
29136916,tokens+length
43036363,length
33982534,length
54150709,length
47683508,length
47683508,length
56512274,tokens+length
55632292,tokens
61259678,tokens
25361132,length
34134804,length
13931901,tokens+length
37427370,length
21772572,length
47422193,tokens+length
21027006,tokens
39376509,tokens+length
54835002,length
11096329,length
28840490,length
10902959,length
35533657,length
57428436,tokens+length
15434657,tokens+length
15434657,length
50806774,tokens
23552350,length
31724719,tokens+length
31724719,length
17036738,length
23038339,length
37762834,tokens
22987856,length
34851946,length
13761065,length
11421266,tokens+length
34689829,length
14018381,tokens
60806247,length
12529837,length
22112391,length
10688623,length
13864851,tokens+length
1545463,length
928591,length
43454690,tokens+length
25390828,length
38222497,tokens+length
30038452,tokens
36295070,length
27154475,tokens
20693505,tokens
52928113,length
35553672,length
32664040,tokens+length
33288456,length
23335405,length
27871143,length
30977474,length
39759990,length
60080839,length
49619091,length
23643981,length
64618200,length
7947107,length
55979904,length
46104457,tokens+length
31226272,tokens+length
48768543,tokens+length
62115809,length
63344211,tokens+length
13998074,length
60849274,length
60849274,tokens
48682699,length
27123110,length
30672863,length
63007888,tokens
45266831,tokens+length
38787373,length
63814375,tokens+length
60530210,tokens+length
29541234,length
50256477,length
28325714,length
39843637,tokens
38713045,length
32316865,length
32316865,length
4465977,length
48420617,tokens+length
44038275,length
18463265,tokens
40182184,length
32599817,length
60102176,tokens
32610937,length
33365603,tokens+length
58357677,length
53422860,length
27781403,length
15574999,length
35252746,tokens
15357846,length
62569656,length
33083719,length
51745770,tokens+length
28750487,length
50247621,length
6384421,length
38854074,tokens+length
17498544,length
9619838,length
45055176,tokens+length
49330077,length
45236893,length
27773723,length
61382015,tokens+length
15820583,tokens
8071415,tokens+length
37065408,tokens+length
19078148,length
29837027,length
48545158,length
29064840,length
60939350,length
50417161,length
25838343,length
46669337,length
10485039,length
59113939,length
46351838,length
45979260,tokens+length
38164428,tokens
34981220,length
33764946,length
39375368,tokens
25376348,length
25376348,length
17471407,length
23127251,length
21301467,length
21299718,tokens+length
23077569,length
21268665,tokens+length
12851755,tokens+length
25455112,length
32536897,length
28817084,tokens
36126605,length
47951495,tokens
13518204,length
49178098,length
24273321,length
19467067,tokens
918210,length
39959099,tokens
36720879,length
39260430,tokens+length
26191394,length
43513579,tokens
57257561,length
27615546,length
34741952,length
55214255,tokens+length
10065430,length
39210186,length
42539014,length
26657113,tokens+length
29961448,length
26922849,length
22778790,length
42990636,length
32051879,length
44212934,length
56572427,length
8990346,length
56527327,length
23395934,length
60332442,length
32063704,length
54710922,length
16555108,length
63271024,tokens
38196580,length
28136350,length
34312965,length
12661853,length
58913916,tokens+length
4647747,tokens
5700054,length
43743560,length
29421437,length
13232377,length
33392111,tokens
24178916,length
43940778,tokens+length
36280774,length
47007546,length
39139264,length
34419629,length
7318962,length
32528021,tokens+length
32528021,length
25356583,length
3103751,length
57980684,length
17937176,length
11365856,length
25596519,length
11716483,length
62279884,length
39264491,tokens+length
60488358,tokens+length
41414282,tokens+length
40351664,length
42241831,length
15739706,length
26095391,length
42537675,tokens
51561056,length
58845624,tokens
20488688,length
44361932,tokens
8084003,length
19166721,length
38338392,tokens
46417295,length
41930183,length
49240757,tokens+length
46895420,tokens+length
17965956,length
32956678,length
17202899,length
23752087,length
38953566,length
51752660,length
26242986,tokens+length
10475710,length
2057820,length
48844794,length
20637652,tokens+length
50358600,length
46844804,length
60498168,length
33378511,length
34258927,tokens
41991432,length
48071337,tokens+length
20827989,length
47984998,length
20783083,length
17333558,length
24129553,length
17496284,length
31942332,length
23627006,length
13068981,length
15253170,length
47883558,length
25081515,length
30319343,length
30319343,length
60390024,length
46414103,length
22260600,length
61239775,tokens+length
28803869,length
53099633,tokens+length
46383295,length
36293572,tokens
19598912,length
59485669,length
46851754,length
9843383,length
36777327,length
63689925,length
45121177,tokens+length
33101869,tokens
23252173,length
29314408,length
38501852,length
16889166,length
16889166,length
16971421,length
58456109,length
25178392,length
37018178,length
38373371,tokens+length
48555542,length
37152166,length
32897719,tokens
51315948,tokens
59462217,length
41948419,length
64152882,tokens+length
40215264,tokens+length
38942605,tokens
43467189,length
17159352,tokens+length
41301548,tokens
46825375,tokens
3254077,length
8669527,length
19352967,tokens
32055271,length
65118634,length
55776471,length
54369547,tokens+length
21309164,length
44802215,tokens+length
32518764,length
6842892,length
13658337,tokens
32617685,length
34613945,length
48168375,length
60091583,length
49242942,tokens+length
51811768,tokens
29431543,length
19048731,length
45294268,tokens+length
15657023,length
25899951,tokens
25899951,tokens
14048939,length
42029150,length
57446461,length
15534063,length
27430861,tokens+length
27430861,length
10168115,tokens
58788316,tokens+length
17706586,length
19467294,length
52447250,tokens+length
54357546,tokens
15697903,length
53139521,length
14802260,length
45741007,tokens+length
30086515,length
34777198,tokens+length
48105468,length
8689278,length
49035511,tokens
3618631,length
42203858,length
10610249,length
25119253,length
58445039,tokens
21326053,length
52760906,tokens+length
26090152,tokens
40150072,length
11320250,length
7886471,length
16072630,length
3657497,tokens
10439903,length
22667116,tokens
51987081,length
20305690,tokens+length
6787454,tokens+length
40287974,tokens+length
48711077,length
58699722,tokens+length
35283356,tokens+length
35283356,tokens+length
21435300,tokens+length
64769661,length
28697837,length
47417995,length
36009945,length
33380526,tokens
15347477,length
32215332,tokens+length
49482620,tokens+length
19551132,length
34943829,length
38795820,length
29544147,tokens+length
24430911,length
21701498,length
21701498,length
16362632,tokens+length
51240834,length
22520793,length
38798533,length
26930347,tokens
15774590,length
44093222,length
38754946,length
35133902,length
41984334,length
46244647,length
28109715,length
45556538,tokens+length
31625671,length
50141079,length
22457940,tokens
36912610,length
64720644,tokens+length
44971936,length
4362553,tokens+length
47341934,length
55445989,tokens+length
46077257,length
14553579,length
28593343,length
36692765,length
20822602,length
35558961,length
23955142,length
47307779,length
31677989,length
8983543,length
38229959,length
8777497,length
55402071,tokens+length
28866259,length
50456391,length
3994352,length
27889800,tokens+length
42682761,length
51322431,length
35034438,tokens+length
39318923,length
17907396,length
31029111,tokens
50781325,length
38609993,tokens
62416309,length
47050550,length
49301531,tokens+length
46800486,length
52634660,tokens+length
58941615,length
11783738,length
21409938,length
18164675,length
20155323,length
35586610,length
17325690,length
32648068,length
54766184,length
33314925,tokens+length
44443251,length
22215129,length
27031620,length
53249698,length
61090118,length
61972825,length
30344449,length
19829168,tokens+length
50262748,tokens+length
48893132,length
22235602,length
32909374,tokens+length
57292327,length
42458011,length
42915425,length
33585723,length
59301165,length
39616069,length
41670459,length
41670459,length
9456008,length
40371155,tokens+length
10826717,length
55526634,length
59782000,tokens+length
44918105,length
30691615,length
22428836,length
59836220,length
7274531,tokens+length
11827077,length
18400255,tokens
15584361,length
53993012,length
39006967,length
16190645,length
9471075,tokens+length
26472059,length
39540184,length
12240079,length
56500085,tokens
51629915,length
41609399,length
29138994,tokens+length
63928720,length
33310670,length
64758834,length
63445351,tokens
54615402,tokens
41902196,length
12329868,length
55988030,length
50534865,length
50825559,length
41669315,tokens+length
43368588,length
54816425,length
31251239,length
29062774,length
23728019,tokens
33288679,length
45431256,length
35181211,length
29666036,length
29046343,tokens+length
54530697,length
37282368,length
10084229,length
36870929,length
20326823,length
54233046,length
59412172,tokens+length
51395404,length
52377905,length
28096471,length
49000166,length
3219416,length
35241111,tokens
56291321,length
24544235,length
32169994,tokens+length
32136075,length
49687689,tokens+length
15079538,length
60230171,length
13432465,length
36242214,length
33563760,length
33510704,length
51868037,tokens+length
3590029,length
14382833,length
61120176,length
56789354,length
55215495,tokens
41300733,length
41300733,length
11254694,length
51243658,length
47109350,length
56715214,length
56823415,tokens+length
49362373,tokens+length
59277860,tokens
24754717,length
65096363,length
51309859,tokens+length
14559461,length
11063630,length
42901189,tokens+length
54572913,tokens+length
2843052,length
31939218,length
61276966,tokens
26079026,length
42776211,length
1946023,length
32732357,length
58554096,tokens
32037458,length
50607474,tokens+length
51765313,tokens
36418437,length
35235131,length
37106643,tokens+length
28685413,length
28398550,tokens
52666416,length
8452544,length
49426884,length
31281098,tokens
23100955,length
12455105,length
36971341,tokens+length
48282756,length
48619577,length
31779022,length
29344672,length
31844683,length
50667086,length
50882437,length
52459991,length
33034720,length
33034720,length
42700512,length
27240889,length
23149765,tokens+length
4127394,length
52978590,length
41561410,length
54614152,tokens+length
49133527,length
30304688,length
34522627,length
21679243,length
33280682,tokens+length
25544593,length
44332383,tokens+length
37462679,tokens+length
2036672,length
19454444,length
62205609,tokens+length
46374163,tokens
17615365,length
56350946,length
9934412,length
50280227,length
26338547,length
26338547,length
61788410,tokens+length
14635133,length
54288847,length
48042393,length
49889535,length
8542772,length
36803330,length
23612065,length
49816919,tokens+length
29720177,length
14587289,length
17237717,length
40872828,length
22022440,length
27094523,length
14203953,length
50821417,length
33448070,length
7601154,length
28463179,length
27831900,length
50594463,length
27988878,length
64243269,length
23591360,length
38800052,length
29665421,length
16292251,length
29201799,length
35803929,tokens
33023815,length
34234359,length
64519799,length
34501048,length
40484306,length
28419972,tokens
35441029,length
57674388,tokens+length
22003090,length
44330898,length
30216140,length
6571106,length
22527661,length
50558396,length
53029052,length
31659367,length
37644857,tokens+length
25166462,tokens+length
1939933,length
54980693,length
42523151,tokens+length
42523151,length
18438222,length
43003635,length
7861956,length
23509267,length
49469204,tokens
33684366,length
27273945,tokens
58034979,tokens
57388740,length
54012076,length
53232820,length
38496992,length
18636535,length
33363631,length
46068017,tokens
52220707,length
31569032,length
20834113,length
40630234,length
59617795,tokens+length
45688922,length
47782820,tokens+length
47782820,tokens+length
15365851,length
54045199,tokens
42391022,length
22983787,tokens+length
27759170,length
59812833,tokens+length
38569269,length
40914593,tokens+length
16770853,length
27999860,length
18998567,length
32642085,length
55015457,length
45236291,length
36219235,length
50752105,tokens
22189615,length
30180639,length
64024694,length
17529124,length
61435324,length
61435324,length
44899193,length
37188923,tokens+length
36686631,length
30086005,length
37908144,length
41033683,tokens+length
21996203,tokens+length
43186303,length
18502904,length
13655850,length
10170137,length
55278782,tokens
64543461,length
36526080,length
42451691,length
43123303,length
21521751,length
49525299,length
12862542,length
7212369,length
7212369,length
42003591,length
64767848,length
32224281,length
34795049,tokens
47108390,length
44461310,length
18624457,length
4004085,length
45902820,tokens+length
6403488,length
35038300,length
41167024,length
47671680,length
10263860,tokens+length
39084824,length
49169802,length
55282721,length
44009062,tokens+length
56308447,tokens+length
53024496,length
13835390,length
17519753,length
30710022,length
13069161,tokens
16572951,length
59544533,length
12914885,tokens+length
34951589,length
30908843,length
20954387,length
60701011,length
14129184,length
42497953,length
48033674,length
40256489,tokens+length
43816353,length
47544932,length
57946730,tokens+length
59603068,tokens+length
52356137,tokens+length
61995465,length
38713001,length
30932671,length
33101778,length
4774803,length
3393428,tokens+length
39474648,length
39682110,length
35365002,length
25453243,tokens+length
20032003,length
40496174,tokens+length
21617615,length
9427488,length
7562541,tokens
20683034,length
42100101,tokens
4877539,length
15404870,length
15404870,length
28871686,length
46235907,length
39353088,tokens+length
47002676,length
27763429,length
47287221,length
34376081,length
48432121,length
31887198,tokens
36566861,length
16334551,length
19144368,length
32434777,length
27774433,length
24715480,length
61745542,length
16815989,length
51758440,length
56545357,length
17769990,length
56254653,length
37898691,length
28865374,length
37350245,length
33895243,tokens+length
14396340,length
18314133,length
6873413,length
14006766,tokens+length
45855673,length
47975895,length
22008397,length
12731321,length
11108797,tokens
57645057,length
52140330,tokens+length
43129483,length
2745697,length
16575266,length
40126611,length
17670973,length
17670973,length
26911560,length
2430791,length
41841328,tokens+length
8037980,tokens
55409693,tokens
31010748,length
49371116,length
32131771,length
60395114,tokens+length
57630300,length
24371538,length
7284442,tokens+length
25987633,tokens+length
8355552,length
18411798,length
27319572,length
22260031,length
44712548,length
31290603,length
55548699,length
35702285,length
13679925,length
34035688,length
24371240,length
15771009,length
23270359,tokens+length
23270359,length
58978643,tokens+length
50011721,length
41750132,length
31737169,tokens+length
51410676,tokens+length
2995498,length
6618086,length
20980425,length
39843813,length
36421791,tokens
52070112,length
56581806,tokens+length
16543289,length
30727401,tokens+length
6527697,tokens+length
53649175,tokens
46735481,length
32420415,length
26608453,length
35125070,length
33210615,length
49496716,length
49159378,length
42624645,length
41826964,length
5054352,tokens+length
49003587,length
57930499,length
50906754,tokens+length
34413498,length
53119671,length
16286998,length
61996323,length
7915018,tokens+length
40973974,length
55979107,tokens
35747333,length
32211553,length
16404880,length
61434815,length
61434815,length
9758170,length
33539564,length
40997968,tokens+length
19241105,length
50010764,length
53810070,length
39019121,tokens
64675302,tokens
28675921,length
56821752,length
28376166,length
10049259,length
11434468,length
21341361,length
53470881,tokens+length
23688234,length
44740263,length
45687836,length
51127586,length
51127586,tokens
32653116,length
43581538,length
31960023,tokens
59713819,length
26854214,length
32017713,length
40080449,tokens
39643224,tokens
5305457,length
29267758,tokens
19033654,length
51801988,length
32731595,length
12142441,length
25073477,tokens
14906493,length
10141610,tokens+length
25868000,length
28773523,length
28773523,length
49727910,tokens
23672659,length
35335618,length
54055167,length
54055167,length
32994366,length
33149752,length
26900421,length
36956197,tokens
17391410,length
54017005,length
58146637,length
42948325,length
42948325,length
50996225,length
10951916,tokens+length
40967682,length
44055443,length
40335797,length
50446395,length
34201358,length
24805913,length
63831020,tokens+length
24976812,length
41935490,tokens+length
41935490,length
16838942,tokens
37234642,length
46796554,length
25929400,tokens+length
32010910,length
14232437,length
59230762,length
52994185,tokens
17015552,length
51061140,tokens+length
50218459,length
37283849,tokens
44526264,length
61385610,length
6680748,length
37832452,length
60093043,length
58848165,length
925096,length
38850981,length
63054710,tokens
47271700,length
3047201,tokens
25447278,tokens+length
33546931,tokens+length
48409801,length
33273005,length
60916362,length
61010009,tokens
2217883,length
51581421,length
47983462,length
33048165,length
14437156,tokens+length
1489402,length
49998976,tokens+length
24847190,tokens+length
35249527,length
50959466,tokens+length
55764226,tokens
64999067,length
32609345,length
34079877,length
31572986,length
8614579,length
27696036,tokens
57836505,length
44282940,length
31014301,length
20290822,tokens
35751236,length
45946495,length
41943923,length
37332885,length
41892499,length
8139675,tokens+length
9636400,length
9205740,length
51461891,length
51461891,tokens+length
16774214,length
30176398,length
4481198,length
29955431,length
61192459,tokens+length
25520749,length
14775009,length
14775009,length
55878664,length
55878664,tokens+length
45637352,tokens
46720299,length
1925057,length
11906092,tokens
40262378,length
35055690,length
52216217,length
40772290,length
21037436,length
55692208,length
42290171,tokens+length
6631571,length
8219214,length
26144760,length
23469754,length
40276245,length
48416358,length
16539635,length
34994393,length
19095540,length
18321333,tokens+length
21483634,length
48517637,length
16242037,length
50029436,tokens+length
30042148,length
47584888,length
48198963,length
57690984,length
38098707,length
47916749,length
17894080,length
54305342,tokens+length
26052766,length
26081529,length
23132480,length
45215705,tokens+length
40577490,length
38524603,tokens
55399523,length
56469055,length
45801450,tokens+length
8129559,length
41022410,length
9868375,length
20679391,length
24616970,length
32818171,length
18011511,tokens
27428308,length
18698325,length
51309375,length
2057134,length
43268739,length
17666207,length
21338748,tokens+length
12793825,tokens+length
48949479,tokens+length
23496186,length
46179751,tokens+length
33471744,length
46010987,tokens
62314667,length
53258034,length
47709631,length
39278927,length
21300174,length
3328379,length
33450961,length
8111232,length
54226051,length
45222638,length
62697137,tokens+length
29215081,length
29215081,length
40140553,length
39288408,length
10859078,length
10859078,length
32537897,length
50747259,length
61560265,tokens+length
56831345,length
48387350,length
14861605,length
25466120,length
25466120,length
18434643,tokens
62573904,length
46943629,length
63619823,length
31723412,length
24656729,length
64535011,tokens
50274216,length
51222337,tokens
23574155,tokens+length
5802730,length
60753444,length
44848700,tokens+length
15383829,length
33857718,length
33857718,length
33306254,length
17879506,length
39196106,length
62250245,tokens+length
39363875,length
46280004,length
16777372,tokens
28383466,length
53359871,length
36209978,length
11417252,length
50247909,length
40769013,tokens
51565923,length
62092120,tokens
36770789,length
15184691,length
14515980,tokens+length
59524097,length
29295194,tokens+length
35517355,tokens
40695764,length
49107382,length
58978710,length
22122406,tokens
48016849,length
44433289,length
31696534,length
31696534,length
5035741,length
42638980,length
36291031,tokens
44982343,length
29021548,length
25720753,length
25720753,length
33191265,tokens
63361004,length
36585687,length
21245071,length
23764037,length
9021934,length
50883341,tokens+length
49637346,length
6607455,length
24175689,length
49230739,length
29433017,length
64941588,length
31747230,tokens
9299922,length
61323892,length
36285465,length
50323524,tokens+length
9622020,tokens+length
31194831,tokens+length
26888761,length
24022665,length
24022665,length
63242008,length
35909914,length
47353520,length
38803778,length
17267078,length
42570881,tokens+length
50554876,tokens
36884546,length
47696617,length
16112818,tokens+length
6114643,length
43012317,length
3507701,length
8946930,length
22312176,length
6667746,length
32719970,length
42548479,length
28617850,length
31294549,length
20653226,length
42896909,length
43064290,tokens+length
2857034,length
2857034,length
7747209,length
60077147,length
47450249,length
16193734,tokens+length
63309608,length
41140769,length
58361058,length
768532,length
11004918,length
31056611,length
53358762,tokens
46512731,length
36895745,length
6195029,length
26711697,length
26475189,length
58100575,length
14819910,length
34464074,length
60273671,tokens
60273671,tokens+length
26301111,length
40537636,length
40537636,length
24342200,length
51135850,length
12762885,tokens+length
12762885,length
32174144,length
25685839,length
34221336,tokens
54226966,length
41089300,length
30794326,tokens+length
23989459,tokens
8106474,tokens+length
61615212,length
61615212,tokens
18618188,tokens+length
37220727,length
20839367,length
180841,length
664589,tokens+length
37958701,tokens
48709594,tokens+length
55025367,length
6535948,tokens
60031920,length
23970405,tokens+length
23970405,length
64007523,length
64007373,tokens
40124494,length
34638193,length
20822206,length
45071089,tokens
63926259,tokens
45619142,length
15053441,length
21516990,tokens+length
37705220,length
47765866,length
33961086,length
48210936,length
53662590,length
42814628,length
33428943,length
38621020,length
52228854,tokens+length
4679638,length
23786857,length
37553942,tokens+length
37553942,length
10819863,length
55053367,length
55053367,length
26021554,length
51673732,length
31031632,length
56614650,length
14289795,length
23782796,length
35995943,length
49757023,length
35870273,tokens
33264028,tokens+length
50279787,length
29925657,length
21287893,tokens+length
22165184,length
64815551,length
31193446,length
19818798,length
59881816,tokens
37192556,length
28030317,length
37301390,length
33825506,length
30744903,length
53029356,length
56749773,length
42048437,tokens+length
25317012,length
40479191,length
25391097,length
38965455,length
26119275,length
21072552,length
31866093,length
14412500,length
15193209,length
21617938,length
38248127,tokens+length
61624233,length
48305630,length
18824009,length
2568827,length
3992375,length
52031081,tokens
39649039,length
5920590,length
54268382,length
29208203,tokens+length
65017708,length
12096307,length
24973337,length
42754327,length
35762967,length
20235963,tokens
56564950,length
37329709,length
38436574,length
41083676,length
55263265,length
42832956,tokens+length
30253387,length
34362337,tokens+length
52390016,length
41060781,tokens
53192413,length
1036742,length
38203083,tokens+length
14629420,tokens+length
48947342,length
5697724,length
47871382,length
44384278,tokens
53838013,tokens+length
39140801,length
50249603,tokens
59483889,tokens+length
64241130,length
16447027,tokens+length
22611392,length
49949048,tokens
47037274,length
43875984,length
53968424,tokens+length
55021525,tokens
43027375,length
1535183,tokens+length
64971768,tokens+length
27684354,length
15500864,length
15500864,length
34937812,tokens+length
24729467,length
30390891,length
36770093,length
38176322,length
20735070,length
25855384,tokens
19415283,length
31348654,tokens
45103247,tokens+length
22368814,length
35643628,tokens+length
49815029,length
31407143,tokens+length
37904428,length
23797184,length
57334663,tokens+length
16863344,length
44854336,length
40887421,length
2463663,length
17953348,length
33832984,length
15845104,tokens+length
34662288,tokens+length
40509560,tokens+length
31234067,length
31234067,length
13184420,length
39028484,length
45368721,length
22702901,length
38515049,length
34577944,length
34830116,tokens+length
10456996,length
50008248,length
27156754,length
38574010,tokens+length
25984540,length
18661461,tokens
21199935,length
51364607,length
36083440,length
24781532,length
45975499,tokens+length
4874521,length
5153234,length
36212697,length
10913507,length
14437218,length
26564032,length
23278243,length
29177737,length
19560906,length
30426343,length
26071755,tokens+length
18921484,length
49001624,tokens
52820983,length
38501469,length
48737780,tokens+length
31791076,length
34143339,tokens+length
27997764,length
49230217,length
23922816,tokens
49901218,tokens+length
21581960,length
24072333,length
62597586,length
62597586,length
26295183,length
46535496,length
20177976,length
32398567,length
3496332,length
51469431,length
55704801,tokens
30850472,length
63957406,length
21305412,length
22466390,length
34678885,length
56119805,length
57337220,tokens+length
29307168,length
27765982,length
11043109,length
9796645,length
48477702,length
18884275,tokens+length
28496290,length
41000841,length
33901165,length
27533976,length
58451415,tokens
20099859,length
50529319,length
50529319,length
48875695,length
12101642,length
12101642,length
48995656,length
50648369,tokens
40989629,length
27558560,length
48637056,length
41300064,length
2644702,length
6005378,length
23643689,tokens
23643689,tokens
60821687,tokens
36498951,tokens+length
1312779,length
18842695,length
49030093,tokens
21898791,length
23712338,length
48136430,length
37209491,tokens+length
34139970,length
52097969,length
23184766,tokens+length
41769049,length
30970642,tokens
4746857,length
17888140,length
37322523,length
32207246,length
55464756,length
51573665,tokens+length
11284392,length
19060516,length
52702071,length
40339248,length
48749123,tokens+length
39658299,length
29515117,length
38623176,length
32471158,tokens
45973614,length
59760984,length
49768943,length
12411290,tokens+length
42071026,length
12626270,length
40417659,length
43445351,length
25666088,length
54904471,tokens
7963005,length
7963005,length
23959449,tokens
54185654,length
43755690,tokens+length
35729176,length
20835586,length
55946655,tokens+length
26454465,tokens+length
30927137,length
5717885,length
37392751,length
52772447,length
22780274,length
17159706,length
56856230,length
7024008,length
8624257,length
53473609,length
18795421,length
1275680,length
41005372,length
32012951,length
57910162,length
12629794,length
22024910,tokens
42474753,length
42474753,length
42474753,length
52660973,length
53762388,length
17738988,length
25794260,length
54688950,length
64148091,tokens
2178628,length
51233137,tokens+length
51233137,tokens
48115974,length
60815175,length
20245744,length
37645754,length
14921992,length
37957815,length
31312748,length
29634105,length
29167096,tokens+length
35651104,tokens
33809737,length
64462915,tokens+length
4964776,length
13890876,length
18137160,length
30104993,length
30893617,length
22265445,length
29172829,length
55887443,tokens+length
55887443,length
63640513,tokens
42623010,tokens
32820601,length
18026738,length
4049148,length
60432579,length
30091456,length
20611562,length
37658685,length
1808195,length
21450317,length
49196478,length
51611216,length
8054175,length
23208674,length
10107029,length
20801317,tokens+length
44865872,length
12910644,tokens
14468115,length
12965907,length
53517217,length
57192663,length
33769340,length
52199939,length
31093655,length
64071549,length
22726542,length
39006008,tokens+length
48217183,length
25726472,tokens+length
31763448,length
17072582,length
17072582,length
37137716,length
55220542,length
23609684,tokens+length
40368218,tokens+length
43826225,length
45961456,tokens
1107867,tokens+length
30179255,length
47966184,length
1261561,length
37752809,length
56501962,tokens+length
39055095,length
44455493,length
39450502,tokens
30973115,tokens+length
40882312,length
40945253,length
3118255,length
27925292,length
20825985,length
31947732,length
14338394,length
48295764,length
28564891,length
35952859,tokens
35952859,length
41938193,length
6228193,length
22696516,length
59929557,length
27792893,length
51964162,tokens
46918444,length
43628235,length
17158207,length
58027999,length
34561021,tokens+length
24877380,tokens+length
63057860,length
32065358,tokens
25839961,tokens
40400108,tokens+length
53561738,length
30120390,length
43121906,length
64988863,length
29142034,length
30612215,tokens
59857945,length
10981001,length
26075028,length
54949878,length
54206703,length
8801377,tokens
22058052,length
22058052,length
30492579,tokens+length
55367987,tokens
7275708,tokens+length
14245220,tokens+length
34242211,length
16946799,length
16946799,length
45395151,tokens
41071779,length
39484539,length
11465341,length
44580728,length
36438670,tokens
31632105,tokens+length
25354103,tokens+length
25354103,tokens+length
11515924,length
50018864,length
20859995,length
49136605,length
50349338,length
44217676,tokens+length
32021870,tokens+length
7099210,length
19721869,length
61644927,tokens+length
19469375,length
18867804,length
34547410,length
11984066,length
50958042,length
39536955,length
48861886,length
61181302,tokens
32233130,length
9041311,length
41502562,length
5934094,length
57904968,tokens
51197615,tokens
32006971,length
15292024,length
32375217,length
57477619,length
55014011,length
53031688,length
13658411,length
40084616,length
64498877,tokens
56044011,length
36066872,length
31984548,length
31984548,length
50277560,tokens+length
26385683,length
24350893,length
32890407,length
58920222,length
51879956,length
52689952,tokens+length
31079444,tokens+length
44225722,length
12616721,length
18865402,length
34494693,length
28286620,length
34640593,tokens+length
60396281,length
28589991,tokens
17422396,length
20336553,length
20336553,length
59646925,tokens
17262275,tokens+length
40243934,length
41038267,length
7098106,length
7098106,length
48728211,length
12611112,length
48680272,length
883625,length
58521520,tokens+length
23460215,tokens
13364004,length
22213623,tokens+length
37997682,length
21743023,length
39134448,length
18358480,length
35596461,tokens
17100053,length
52242787,tokens
64257077,tokens+length
37264002,tokens+length
24947669,length
41555025,length
29261761,length
10414654,length
48855383,length
22450977,tokens
44402044,length
51848416,length
53659911,tokens+length
39582132,tokens+length
52913148,length
55368575,length
49314203,length
49902675,tokens
6560715,tokens+length
5963253,length
45532788,tokens+length
12974975,length
47624414,tokens
62770314,tokens+length
52221248,tokens+length
13592931,length
12116415,length
32800017,tokens+length
24530516,length
37006531,length
20594617,length
17371384,tokens+length
25620574,tokens
41169324,length
42104530,length
38789703,length
63664767,length
21529486,length
24175204,length
26593695,length
51115531,tokens
41007466,tokens+length
27595760,length
7086993,tokens+length
30182265,length
9639565,length
55417869,length
23125171,length
33169575,length
45466547,length
25271351,length
28004432,length
48485716,length
15757445,length
8041864,length
15513425,length
50239418,length
39344446,length
21576316,length
28880515,length
45772459,tokens
54227601,length
61747499,length
23894888,tokens+length
31055720,length
40877911,length
42165096,length
42011857,length
37617512,length
746506,length
10115745,tokens+length
49605398,length
27966840,tokens+length
12653226,length
21510280,tokens+length
28360612,length
19516588,length
58480379,tokens
31864663,length
48956937,length
43450579,length
58237958,tokens+length
37841391,length
37106210,tokens+length
8400317,length
7534516,length
7534516,length
40058413,length
63925443,length
11467542,length
18527472,tokens
5181858,length
53410281,tokens+length
53410281,length
53463446,tokens+length
31688571,length
42281901,length
27736689,length
64847074,tokens
45028734,length
45028734,length
41665986,length
53101142,length
48969156,tokens+length
31394841,length
11473357,length
13130147,length
20980338,length
40207129,length
41374844,length
23798254,length
50373687,length
49234046,length
47095019,length
62685510,length
16414804,length
22605785,length
64836254,tokens+length
37203585,length
38226561,tokens+length
9309472,length
21847523,tokens
26336353,length
33661871,length
27979538,length
63279344,length
36724432,length
59041070,tokens+length
50444074,length
50444074,length
42745669,length
29039983,length
29039983,length
22510247,length
49089046,tokens+length
44755996,length
16360202,length
5622523,length
23205713,length
16978205,tokens+length
16802201,length
34912789,length
15642010,length
17845488,length
38404908,tokens+length
60191308,length
64116341,length
47012464,tokens
44341740,tokens+length
29407513,length
47924154,length
12772567,length
57480812,length
22087188,tokens+length
29417709,length
42678769,length
31412798,length
25664707,length
25664707,length
33884629,length
26220207,length
38313350,length
48120569,length
48120569,length
46606483,length
27795779,length
45743383,length
45743383,length
63709164,tokens
24080955,length
47423979,tokens+length
40465306,tokens+length
56471411,length
33520616,length
15406897,length
25750906,tokens+length
61980963,length
35539263,length
41969920,length
37085346,length
34647732,length
38271355,length
28241863,length
13559033,length
13559033,tokens+length
47047488,tokens+length
47608783,length
38743302,length
7180621,tokens
39966124,tokens
50918287,length
33371052,length
33371052,tokens
26204120,length
38629948,length
34507054,tokens
36462650,length
50714265,length
22226549,length
45553758,length
21393291,length
18897593,tokens+length
16051831,length
47617129,tokens+length
39948904,length
21144423,length
19254237,length
34935579,length
38417192,length
35343032,length
8496819,length
23980530,length
23980530,length
39240278,tokens+length
24292025,length
29660836,length
26074432,tokens+length
60829534,length
52071779,tokens+length
19475108,length
7911175,length
28300033,tokens
51059886,length
51059886,length
44964548,tokens
20294213,length
35218421,length
40483938,length
23617818,length
46758536,tokens+length
3622881,length
3622881,length
33078088,tokens+length
62854412,length
42593262,length
51186311,length
18564066,tokens+length
12080708,length
12080708,length
36000895,length
57459331,tokens+length
29871864,length
48634520,length
33886689,length
53385989,length
9741676,length
13371127,length
38127606,tokens+length
38127606,tokens
61498151,tokens+length
49059043,length
24390902,tokens+length
50480922,length
54274733,length
29076847,length
51256612,length
30687669,length
30825907,tokens+length
47724488,length
53145304,length
31559886,length
26074070,length
32073387,length
34250351,length
15011124,length
38057727,tokens
35564179,length
44610036,tokens+length
46429136,tokens+length
52366932,tokens+length
50297967,length
61101847,tokens+length
21541705,length
41096236,tokens
34076624,length
18898569,length
15014483,tokens
16822570,length
63032152,tokens
52792996,length
40625712,length
40625712,length
37116752,length
12732302,length
42835176,tokens
34557284,tokens+length
26521851,length
15991312,length
6974640,length
64716414,tokens+length
57117425,length
30130567,length
34589288,length
44743242,tokens+length
34118100,length
10190790,length
41823338,length
54633203,length
59672151,length
32729908,tokens+length
41747736,length
57985746,length
29335369,length
51565185,tokens+length
10325624,length
61367002,length
48768838,tokens+length
48768838,length
40254968,length
9035216,length
22490871,length
34793000,tokens
31474351,length
41463562,length
31553559,length
31553559,tokens
33028522,length
33225291,tokens+length
61874269,length
27143410,length
22038804,length
12092935,tokens+length
12092935,length
40046405,length
34294150,tokens
50174571,length
15767983,length
51967423,tokens
22536655,length
6422942,length
9342603,length
56513835,length
38664347,length
30576905,length
47938558,tokens+length
41167245,length
45811007,length
55092745,length
29070087,tokens+length
28239212,length
33282777,length
33282777,length
24562513,length
44177859,length
52116416,tokens+length
47586234,tokens+length
54171446,length
41909066,length
9451682,length
21500229,length
39526473,length
17096514,length
41069333,length
38992495,length
20440258,length
26323011,tokens
12539623,length
51609725,length
48134984,length
48134984,length
32416346,length
14859857,length
45741984,length
26497768,length
24602268,length
51988003,length
3310530,length
3310530,length
41475391,length
27102595,length
34184830,length
60280965,length
47006357,length
59406503,length
30095035,length
19316950,length
21239281,length
55924718,length
49718855,length
34075671,length
47370035,length
38819938,length
50992176,tokens+length
44878759,length
62016785,tokens
23124768,length
34896962,length
34896962,length
55396924,tokens+length
21175445,length
21175445,length
57102510,tokens
57616510,length
19867526,tokens+length
23005316,length
28630660,length
14029741,length
4685712,length
44994156,length
52992476,length
59832712,tokens
55768545,length
53206172,length
53206172,length
48605969,length
21650586,length
43225983,tokens+length
20203821,length
23965927,length
28719609,tokens
24914139,length
43428782,length
26751961,tokens+length
22518236,tokens+length
28618498,length
28618498,length
46600461,length
41764344,tokens+length
31828259,length
31828259,length
15993578,length
20217668,length
61354537,tokens
46541534,length
13253856,length
8125667,length
10899520,length
40809993,tokens+length
57998866,length
54945187,length
17701288,length
45952187,length
28698696,length
40426849,length
47326020,length
47326020,tokens+length
19998234,length
10611374,tokens
13876428,length
49674222,length
59552848,length
17210227,length
19502838,length
32590718,tokens
47072872,tokens+length
52376398,length
4803033,length
9616267,length
23981871,length
47591258,length
52968599,length
41575695,tokens
22781441,length
39110016,length
13411649,length
16588545,length
64937219,length
5107134,length
44160530,length
32303262,length
55280736,length
9594913,length
44352693,length
46183582,length
25741411,length
30990535,tokens+length
12867544,length
51716102,length
64238853,length
14553678,tokens+length
57562924,tokens
52605294,length
58155776,length
60751184,length
45801757,length
50120415,tokens
38165089,length
7887814,length
5846137,length
33302644,tokens+length
64401112,tokens
47166180,tokens
39959586,length
30296576,length
45629870,length
30630258,length
62047941,length
14371970,length
53179915,length
1564700,length
30950032,tokens+length
9814570,length
21300877,length
24543580,length
22345212,length
31868552,tokens
62266129,tokens
32784822,length
31567407,tokens+length
31123713,tokens
55880857,tokens+length
13675274,length
37078970,length
18510926,length
6555172,length
43025178,length
56829468,tokens+length
24204673,tokens+length
25266743,length
7842261,length
64840557,tokens+length
53843240,length
23181934,length
28358845,length
54345181,length
15275884,length
12481985,length
41745853,length
43774937,length
30073718,length
64919741,length
31006091,length
26305556,length
28343281,length
12068033,length
62636593,tokens
17635089,length
59339704,length
41492906,length
25094818,length
43104375,length
26042537,length
48097552,tokens
45911765,length
40687343,length
40687343,length
40687343,length
40687343,length
